<?xml version="1.0" encoding="windows-1252"?>
<Collection name="Add-on Manager" guid="{ECAE49E6-B013-411D-B529-5979190DEA9C}" system="No" updatable="Yes" blockNavigatorNode="No">
	<HelpLink></HelpLink>
	<Help>collection.help -this is the long help...&lt;br&gt;collection.help -this is the long help...&lt;br&gt;collection.help -this is the long help...&lt;br&gt;</Help>
	<Addon name="Add-on Manager" guid="{1DC06F61-1837-419B-AF36-D5CC41E1C9FD}" type="Add-on">
		<Copy></Copy>
		<CopyText></CopyText>
		<ActiveXProgramID><![CDATA[aoAddonMan.AddonManClass]]></ActiveXProgramID>
		<DotNetClass></DotNetClass>
		<ArgumentList></ArgumentList>
		<AsAjax>No</AsAjax>
		<Filter>No</Filter>
		<Help></Help>
		<HelpLink></HelpLink>
		<Icon Link="" width="0" height="0" sprites="0" />
		<InIframe>No</InIframe>
		<BlockEditTools>Yes</BlockEditTools>
		<FormXML></FormXML>
		<IsInline>No</IsInline>
		<JavascriptOnLoad></JavascriptOnLoad>
		<JavascriptInHead></JavascriptInHead>
		<JavascriptBodyEnd></JavascriptBodyEnd>
		<MetaDescription></MetaDescription>
		<OtherHeadTags></OtherHeadTags>
		<Content>Yes</Content>
		<Template>Yes</Template>
		<Email>No</Email>
		<Admin>Yes</Admin>
		<OnPageEndEvent>No</OnPageEndEvent>
		<OnPageStartEvent>No</OnPageStartEvent>
		<OnBodyStart>No</OnBodyStart>
		<OnBodyEnd>No</OnBodyEnd>
		<RemoteMethod>No</RemoteMethod>
		<ProcessRunOnce>No</ProcessRunOnce>
		<ProcessInterval>0</ProcessInterval>
		<PageTitle><![CDATA[Add-on Manager]]></PageTitle>
		<RemoteAssetLink></RemoteAssetLink>
		<Styles><![CDATA[

.amLibraryListCell td.amBody div ,.amLibraryListCell td.amBody div p{
    font-family: "Helvetica","Arial","Verdana","Trebuchet MS","sans-serif";
    font-size:14px;
}

.amLibraryListCell {margin:4px; border: 1px solid #484; padding:10px;background-color:#fafafa;}
.amLibraryListCell table {width:100%;padding:0;margin:0;}
.amLibraryListCell table td {}
.amLibraryListCell td.amImage {width:202px;height:242px;padding:5px;background-color:#cdc;}
.amLibraryListCell td.amImage img {width:200px;height:240px; border:1px solid #fff;}
.amLibraryListCell td.amBody {height:252px;padding:5px 5px 5px 10px;}
.amLibraryListCell td.amBody .amHeadline {
	font-family: "Trebuchet MS","Verdana","Helvetica","Arial","sans-serif";
	color: #1B75BB;
	font-size:24px;
	font-weight:bold;
}
.amLibraryListCell td.amBody .amCheckbox {font-size:14px;padding:16px 0 0 0}
.amLibraryListCell td.amBody .amDescription {font-size:14px;padding:8px 0 0 0}
.amLibraryListCell td.amBody .amDescription p {margin:6px 0 6px 0;padding:0}
.amLibraryListCell td.amBody .amDescription li {
    font-family: "Helvetica","Arial","Verdana","Trebuchet MS","sans-serif";
    font-size: 12px;
    line-height: 1.2;
}

.amLibraryListCell td.amBody div.amDate {font-size:14px;padding:8px 0 0 0}
.amLibraryListCell td.amBody div.amDemoLink a {
	font-family: "Trebuchet MS","Verdana","Helvetica","Arial","sans-serif";
	color: #1B75BB;
	font-size:18px;
	font-weight:bold;
	padding: 20px 0 0 0;
	}
.amLibraryListCell td.amBody div.amDemoLink a:visited,.amLibraryListCell td.amBody div.amDemoLink a:hover {
	color: #1B75BB;
	}
.amLibraryListCell td.amBody div.amHelpLink {
	font-family: "Trebuchet MS","Verdana","Helvetica","Arial","sans-serif";
	color: #1B75BB;
	font-size:18px;
	font-weight:bold;
	padding: 20px 0 0 0;
}


.amLibraryListCell td.amBody div.amHelpLink a:visited,.amLibraryListCell td.amBody div.amHelpLink a:hover {
	color: #1B75BB;
	}

]]></Styles>
		<Scripting Language="" EntryPoint="" Timeout="5000"/>
	</Addon>
	<Addon name="Add-on Manager5" guid="{3d643ebd-c482-49ac-99ca-03aabb28ee83}" type="Tool">
		<Copy></Copy>
		<CopyText></CopyText>
		<ActiveXProgramID></ActiveXProgramID>
		<DotNetClass></DotNetClass>
		<ArgumentList></ArgumentList>
		<AsAjax>No</AsAjax>
		<Filter>No</Filter>
		<Help></Help>
		<HelpLink></HelpLink>
		<Icon Link="" width="0" height="0" sprites="0" />
		<InIframe>No</InIframe>
		<BlockEditTools>No</BlockEditTools>
		<FormXML></FormXML>
		<IsInline>No</IsInline>
		<JavascriptOnLoad></JavascriptOnLoad>
		<JavascriptInHead></JavascriptInHead>
		<JavascriptBodyEnd></JavascriptBodyEnd>
		<MetaDescription></MetaDescription>
		<OtherHeadTags></OtherHeadTags>
		<Content>No</Content>
		<Template>No</Template>
		<Email>No</Email>
		<Admin>Yes</Admin>
		<OnPageEndEvent>No</OnPageEndEvent>
		<OnPageStartEvent>No</OnPageStartEvent>
		<OnBodyStart>No</OnBodyStart>
		<OnBodyEnd>No</OnBodyEnd>
		<RemoteMethod>No</RemoteMethod>
		<ProcessRunOnce>No</ProcessRunOnce>
		<ProcessInterval>0</ProcessInterval>
		<PageTitle></PageTitle>
		<RemoteAssetLink></RemoteAssetLink>
		<Styles></Styles>
		<Scripting Language="" EntryPoint="" Timeout="5000">
			<Code><![CDATA[function f
call cp.response.redirect( "?addonGuid={A1BCA00C-2657-42A1-8F98-BED1E5A42025}&setPortalGuid={f732f7f1-03ef-4f58-8e2a-f502bde53606}" )
end function]]></Code>
		</Scripting>
	</Addon>
	<Addon name="addonManager-CollectionLibrary" guid="{556e1660-62dc-4706-a07d-ba1bf3449128}" type="Add-on">
		<Copy></Copy>
		<CopyText></CopyText>
		<ActiveXProgramID></ActiveXProgramID>
		<DotNetClass><![CDATA[Contensive.addonManager.collectionLibraryClass]]></DotNetClass>
		<ArgumentList></ArgumentList>
		<AsAjax>No</AsAjax>
		<Filter>No</Filter>
		<Help></Help>
		<HelpLink></HelpLink>
		<Icon Link="" width="0" height="0" sprites="0" />
		<InIframe>No</InIframe>
		<BlockEditTools>No</BlockEditTools>
		<FormXML></FormXML>
		<IncludeAddon name="addonManager-Includes" guid="{5a7c4d78-b4fb-4cc1-9abc-fa52d0e7714a}"/>
		<IsInline>No</IsInline>
		<JavascriptOnLoad></JavascriptOnLoad>
		<JavascriptInHead></JavascriptInHead>
		<JavascriptBodyEnd></JavascriptBodyEnd>
		<MetaDescription></MetaDescription>
		<OtherHeadTags></OtherHeadTags>
		<Content>No</Content>
		<Template>No</Template>
		<Email>No</Email>
		<Admin>No</Admin>
		<OnPageEndEvent>No</OnPageEndEvent>
		<OnPageStartEvent>No</OnPageStartEvent>
		<OnBodyStart>No</OnBodyStart>
		<OnBodyEnd>No</OnBodyEnd>
		<RemoteMethod>No</RemoteMethod>
		<ProcessRunOnce>No</ProcessRunOnce>
		<ProcessInterval>0</ProcessInterval>
		<PageTitle></PageTitle>
		<RemoteAssetLink></RemoteAssetLink>
		<Styles></Styles>
		<Scripting Language="" EntryPoint="" Timeout="5000"/>
	</Addon>
	<Addon name="addonManager-Includes" guid="{5a7c4d78-b4fb-4cc1-9abc-fa52d0e7714a}" type="Add-on">
		<Copy></Copy>
		<CopyText></CopyText>
		<ActiveXProgramID></ActiveXProgramID>
		<DotNetClass><![CDATA[Contensive.addonManager.collectionLibraryClass]]></DotNetClass>
		<ArgumentList></ArgumentList>
		<AsAjax>No</AsAjax>
		<Filter>No</Filter>
		<Help></Help>
		<HelpLink></HelpLink>
		<Icon Link="" width="0" height="0" sprites="0" />
		<InIframe>No</InIframe>
		<BlockEditTools>No</BlockEditTools>
		<FormXML></FormXML>
		<IsInline>No</IsInline>
		<JavascriptOnLoad></JavascriptOnLoad>
		<JavascriptInHead></JavascriptInHead>
		<JavascriptBodyEnd></JavascriptBodyEnd>
		<MetaDescription></MetaDescription>
		<OtherHeadTags></OtherHeadTags>
		<Content>No</Content>
		<Template>No</Template>
		<Email>No</Email>
		<Admin>No</Admin>
		<OnPageEndEvent>No</OnPageEndEvent>
		<OnPageStartEvent>No</OnPageStartEvent>
		<OnBodyStart>No</OnBodyStart>
		<OnBodyEnd>No</OnBodyEnd>
		<RemoteMethod>No</RemoteMethod>
		<ProcessRunOnce>No</ProcessRunOnce>
		<ProcessInterval>0</ProcessInterval>
		<PageTitle></PageTitle>
		<RemoteAssetLink></RemoteAssetLink>
		<Styles><![CDATA[.amLibraryListCell td.amBody div ,.amLibraryListCell td.amBody div p{
    font-family: "Helvetica","Arial","Verdana","Trebuchet MS","sans-serif";
    font-size:14px;
}

.amLibraryListCell {margin:4px; border: 1px solid #484; padding:10px;background-color:#fafafa;}
.amLibraryListCell table {width:100%;padding:0;margin:0;}
.amLibraryListCell table td {}
.amLibraryListCell td.amImage {width:202px;height:242px;padding:5px;background-color:#cdc;}
.amLibraryListCell td.amImage img {width:200px;height:240px; border:1px solid #fff;}
.amLibraryListCell td.amBody {height:252px;padding:5px 5px 5px 10px;}
.amLibraryListCell td.amBody .amHeadline {
	font-family: "Trebuchet MS","Verdana","Helvetica","Arial","sans-serif";
	color: #1B75BB;
	font-size:24px;
	font-weight:bold;
}
.amLibraryListCell td.amBody .amCheckbox {font-size:14px;padding:16px 0 0 0}
.amLibraryListCell td.amBody .amDescription {font-size:14px;padding:8px 0 0 0}
.amLibraryListCell td.amBody .amDescription p {margin:6px 0 6px 0;padding:0}
.amLibraryListCell td.amBody .amDescription li {
    font-family: "Helvetica","Arial","Verdana","Trebuchet MS","sans-serif";
    font-size: 12px;
    line-height: 1.2;
}

.amLibraryListCell td.amBody div.amDate {font-size:14px;padding:8px 0 0 0}
.amLibraryListCell td.amBody div.amDemoLink a {
	font-family: "Trebuchet MS","Verdana","Helvetica","Arial","sans-serif";
	color: #1B75BB;
	font-size:18px;
	font-weight:bold;
	padding: 20px 0 0 0;
	}
.amLibraryListCell td.amBody div.amDemoLink a:visited,.amLibraryListCell td.amBody div.amDemoLink a:hover {
	color: #1B75BB;
	}
.amLibraryListCell td.amBody div.amHelpLink {
	font-family: "Trebuchet MS","Verdana","Helvetica","Arial","sans-serif";
	color: #1B75BB;
	font-size:18px;
	font-weight:bold;
	padding: 20px 0 0 0;
}


.amLibraryListCell td.amBody div.amHelpLink a:visited,.amLibraryListCell td.amBody div.amHelpLink a:hover {
	color: #1B75BB;
	}

]]></Styles>
		<Scripting Language="" EntryPoint="" Timeout="5000"/>
	</Addon>
	<Addon name="addonManager-Uninstall" guid="{38798d20-00d3-4131-9ebf-359fd0118e3e}" type="Add-on">
		<Copy></Copy>
		<CopyText><![CDATA[addonManager-Uninstall]]></CopyText>
		<ActiveXProgramID></ActiveXProgramID>
		<DotNetClass></DotNetClass>
		<ArgumentList></ArgumentList>
		<AsAjax>No</AsAjax>
		<Filter>No</Filter>
		<Help></Help>
		<HelpLink></HelpLink>
		<Icon Link="" width="0" height="0" sprites="0" />
		<InIframe>No</InIframe>
		<BlockEditTools>No</BlockEditTools>
		<FormXML></FormXML>
		<IncludeAddon name="addonManager-Includes" guid="{5a7c4d78-b4fb-4cc1-9abc-fa52d0e7714a}"/>
		<IsInline>No</IsInline>
		<JavascriptOnLoad></JavascriptOnLoad>
		<JavascriptInHead></JavascriptInHead>
		<JavascriptBodyEnd></JavascriptBodyEnd>
		<MetaDescription></MetaDescription>
		<OtherHeadTags></OtherHeadTags>
		<Content>No</Content>
		<Template>No</Template>
		<Email>No</Email>
		<Admin>No</Admin>
		<OnPageEndEvent>No</OnPageEndEvent>
		<OnPageStartEvent>No</OnPageStartEvent>
		<OnBodyStart>No</OnBodyStart>
		<OnBodyEnd>No</OnBodyEnd>
		<RemoteMethod>No</RemoteMethod>
		<ProcessRunOnce>No</ProcessRunOnce>
		<ProcessInterval>0</ProcessInterval>
		<PageTitle></PageTitle>
		<RemoteAssetLink></RemoteAssetLink>
		<Styles></Styles>
		<Scripting Language="" EntryPoint="" Timeout="5000"/>
	</Addon>
	<Addon name="addonManager-Upload" guid="{e66d6890-4e1a-499b-9a37-83b767bce19c}" type="Add-on">
		<Copy></Copy>
		<CopyText><![CDATA[addonManager-Upload]]></CopyText>
		<ActiveXProgramID></ActiveXProgramID>
		<DotNetClass></DotNetClass>
		<ArgumentList></ArgumentList>
		<AsAjax>No</AsAjax>
		<Filter>No</Filter>
		<Help></Help>
		<HelpLink></HelpLink>
		<Icon Link="" width="0" height="0" sprites="0" />
		<InIframe>No</InIframe>
		<BlockEditTools>No</BlockEditTools>
		<FormXML></FormXML>
		<IncludeAddon name="addonManager-Includes" guid="{5a7c4d78-b4fb-4cc1-9abc-fa52d0e7714a}"/>
		<IsInline>No</IsInline>
		<JavascriptOnLoad></JavascriptOnLoad>
		<JavascriptInHead></JavascriptInHead>
		<JavascriptBodyEnd></JavascriptBodyEnd>
		<MetaDescription></MetaDescription>
		<OtherHeadTags></OtherHeadTags>
		<Content>No</Content>
		<Template>No</Template>
		<Email>No</Email>
		<Admin>No</Admin>
		<OnPageEndEvent>No</OnPageEndEvent>
		<OnPageStartEvent>No</OnPageStartEvent>
		<OnBodyStart>No</OnBodyStart>
		<OnBodyEnd>No</OnBodyEnd>
		<RemoteMethod>No</RemoteMethod>
		<ProcessRunOnce>No</ProcessRunOnce>
		<ProcessInterval>0</ProcessInterval>
		<PageTitle></PageTitle>
		<RemoteAssetLink></RemoteAssetLink>
		<Styles></Styles>
		<Scripting Language="" EntryPoint="" Timeout="5000"/>
	</Addon>
	<data>
		<record content="layouts" guid="{9767F464-3728-4B7D-904B-3442D7FD03BE}" name="Addon Manager Library List Cell">
			<field name="active">True</field>
		</record>
		<record content="portals" guid="{f732f7f1-03ef-4f58-8e2a-f502bde53606}" name="Add-on Manager">
			<field name="active">True</field>
			<field name="defaultconfigjson"></field>
			<field name="defaultfeatureid"></field>
		</record>
		<record content="portal features" guid="{96b51732-5c24-4a33-8292-b58567b00d42}" name="AddonManager-Data">
			<field name="active">True</field>
			<field name="addonid"></field>
			<field name="addpadding">False</field>
			<field name="datacontentid"></field>
		</record>
		<record content="portal features" guid="{bfc41fa2-c17a-4712-8966-3d42e735c710}" name="AddonManager-Upload">
			<field name="active">True</field>
			<field name="addonid">{e66d6890-4e1a-499b-9a37-83b767bce19c}</field>
			<field name="addpadding">False</field>
			<field name="datacontentid"></field>
		</record>
		<record content="portal features" guid="{ed348836-b522-4e08-b4ff-9197d48a07eb}" name="AddonManager-Uninstall">
			<field name="active">True</field>
			<field name="addonid">{38798d20-00d3-4131-9ebf-359fd0118e3e}</field>
			<field name="addpadding">False</field>
			<field name="datacontentid"></field>
		</record>
		<record content="portal features" guid="{baaa59b1-986f-4bf2-83bc-085518c1708c}" name="AddonManager-CollectionLibrary">
			<field name="active">True</field>
			<field name="addonid">{556e1660-62dc-4706-a07d-ba1bf3449128}</field>
			<field name="addpadding">False</field>
			<field name="datacontentid"></field>
		</record>
	</data>
	<ImportCollection name="Portal Framework">{87249F75-A065-4F2F-8DCD-FBBF2CA0DCCD}</ImportCollection>
	<Resource name="librarynoimage.jpg" type="www" path="addonmanager" />
	<Resource name="aoaddonman.dll" type="executable" path="" />
</Collection>