<?xml version="1.0" encoding="windows-1252"?>
<Collection name="Add-on Manager" guid="{ECAE49E6-B013-411D-B529-5979190DEA9C}" system="Yes" updatable="Yes" blockNavigatorNode="No">
	<HelpLink></HelpLink>
	<Help>Collection.Help -This is the long help...&lt;br&gt;Collection.Help -This is the long help...&lt;br&gt;Collection.Help -This is the long help...&lt;br&gt;</Help>
	<Addon name="Add-on Manager" guid="{1DC06F61-1837-419B-AF36-D5CC41E1C9FD}" type="Add-on">
		<Copy></Copy>
		<CopyText></CopyText>
		<ActiveXProgramID><![CDATA[aoAddonMan.AddonManClass]]></ActiveXProgramID>
		<DotNetClass></DotNetClass>
		<ArgumentList></ArgumentList>
		<AsAjax>No</AsAjax>
		<Filter>No</Filter>
		<Help></Help>
		<HelpLink></HelpLink>
		<Icon Link="" width="0" height="0" sprites="0" />
		<InIframe>No</InIframe>
		<BlockEditTools>Yes</BlockEditTools>
		<FormXML></FormXML>
		<IsInline>No</IsInline>
		<JavascriptOnLoad></JavascriptOnLoad>
		<JavascriptInHead></JavascriptInHead>
		<JavascriptBodyEnd></JavascriptBodyEnd>
		<MetaDescription></MetaDescription>
		<OtherHeadTags></OtherHeadTags>
		<Content>Yes</Content>
		<Template>Yes</Template>
		<Admin>Yes</Admin>
		<OnPageEndEvent>No</OnPageEndEvent>
		<OnPageStartEvent>No</OnPageStartEvent>
		<OnBodyStart>No</OnBodyStart>
		<OnBodyEnd>No</OnBodyEnd>
		<RemoteMethod>No</RemoteMethod>
		<ProcessRunOnce>No</ProcessRunOnce>
		<ProcessInterval>0</ProcessInterval>
		<PageTitle><![CDATA[Add-on Manager]]></PageTitle>
		<RemoteAssetLink></RemoteAssetLink>
		<Styles><![CDATA[
.amLibraryListCell td.amBody div ,.amLibraryListCell td.amBody div p{
    font-family: "Helvetica","Arial","Verdana","Trebuchet MS","sans-serif";
    font-size:14px;
}

.amLibraryListCell {margin:4px; border: 1px solid #484; padding:10px;background-color:#fafafa;}
.amLibraryListCell table {width:100%;padding:0;margin:0;}
.amLibraryListCell table td {}
.amLibraryListCell td.amImage {width:202px;height:242px;padding:5px;background-color:#cdc;}
.amLibraryListCell td.amImage img {width:200px;height:240px; border:1px solid #fff;}
.amLibraryListCell td.amBody {height:252px;padding:5px 5px 5px 10px;}
.amLibraryListCell td.amBody .amHeadline {
	font-family: "Trebuchet MS","Verdana","Helvetica","Arial","sans-serif";
	color: #1B75BB;
	font-size:24px;
	font-weight:bold;
}
.amLibraryListCell td.amBody .amCheckbox {font-size:14px;padding:16px 0 0 0}
.amLibraryListCell td.amBody .amDescription {font-size:14px;padding:8px 0 0 0}
.amLibraryListCell td.amBody .amDescription p {margin:6px 0 6px 0;padding:0}
.amLibraryListCell td.amBody .amDescription li {
    font-family: "Helvetica","Arial","Verdana","Trebuchet MS","sans-serif";
    font-size: 12px;
    line-height: 1.2;
}

.amLibraryListCell td.amBody div.amDate {font-size:14px;padding:8px 0 0 0}
.amLibraryListCell td.amBody div.amDemoLink a {
	font-family: "Trebuchet MS","Verdana","Helvetica","Arial","sans-serif";
	color: #1B75BB;
	font-size:18px;
	font-weight:bold;
	padding: 20px 0 0 0;
	}
.amLibraryListCell td.amBody div.amDemoLink a:visited,.amLibraryListCell td.amBody div.amDemoLink a:hover {
	color: #1B75BB;
	}
.amLibraryListCell td.amBody div.amHelpLink {
	font-family: "Trebuchet MS","Verdana","Helvetica","Arial","sans-serif";
	color: #1B75BB;
	font-size:18px;
	font-weight:bold;
	padding: 20px 0 0 0;
}


.amLibraryListCell td.amBody div.amHelpLink a:visited,.amLibraryListCell td.amBody div.amHelpLink a:hover {
	color: #1B75BB;
	}

]]></Styles>
		<Scripting Language="" EntryPoint="" Timeout="5000"/>
	</Addon>
	<data>
		<record content="layouts" guid="{9767F464-3728-4B7D-904B-3442D7FD03BE}" name="Addon Manager Library List Cell">
			<field name="ACTIVE">True</field>
			<field name="SORTORDER"></field>
			<field name="Layout"><![CDATA[<div class="amLibraryListCell">
			<table>
				<tbody>
					<tr>
						<td class="amImage"><img src="##imageLink##"></td>
						<td class="amBody">
							<div class="amHeadline">##name##</div>
							<div class="amCheckbox">##checkbox##</div>
							<div class="amDate">Last updated: ##date##</div>
							<div class="amDescription">##description##</div>
						</td>
					</tr>
				</tbody>
			</table>
</div>]]></field>
			<field name="StylesFilename"></field>
		</record>
	</data>
	<Resource name="librarynoimage.jpg" type="www" path="addonmanager" />
	<Resource name="aoaddonman.dll" type="executable" path="" />
<HelpLink></HelpLink>
</Collection>