<?xml version="1.0" encoding="windows-1252"?>
<Collection name="Add-on Manager v5.0" guid="{e042616a-89ea-4926-8a41-6b8b6631d067}" system="No" updatable="Yes" blockNavigatorNode="No">
	<HelpLink></HelpLink>
	<Help></Help>
	<Addon name="Add-on Manager v5.0" guid="{3d643ebd-c482-49ac-99ca-03aabb28ee83}" type="Tool">
		<Copy></Copy>
		<CopyText></CopyText>
		<ActiveXProgramID></ActiveXProgramID>
		<DotNetClass></DotNetClass>
		<ArgumentList></ArgumentList>
		<AsAjax>No</AsAjax>
		<Filter>No</Filter>
		<Help></Help>
		<HelpLink></HelpLink>
		<Icon Link="" width="0" height="0" sprites="0" />
		<InIframe>No</InIframe>
		<BlockEditTools>Yes</BlockEditTools>
		<FormXML></FormXML>
		<IsInline>No</IsInline>
		<JavascriptInHead></JavascriptInHead>
		<javascriptForceHead>No</javascriptForceHead>
		<JSHeadScriptSrc></JSHeadScriptSrc>
		<!-- deprecated --><JSBodyScriptSrc></JSBodyScriptSrc>
		<!-- deprecated --><JavascriptBodyEnd></JavascriptBodyEnd>
		<!-- deprecated --><JavascriptOnLoad></JavascriptOnLoad>
		<Content>No</Content>
		<Template>No</Template>
		<Email>No</Email>
		<Admin>Yes</Admin>
		<OnPageEndEvent>No</OnPageEndEvent>
		<OnPageStartEvent>No</OnPageStartEvent>
		<OnBodyStart>No</OnBodyStart>
		<OnBodyEnd>No</OnBodyEnd>
		<RemoteMethod>No</RemoteMethod>
		<ProcessRunOnce>No</ProcessRunOnce>
		<ProcessInterval>0</ProcessInterval>
		<MetaDescription></MetaDescription>
		<OtherHeadTags></OtherHeadTags>
		<PageTitle></PageTitle>
		<RemoteAssetLink></RemoteAssetLink>
		<Styles></Styles>
		<styleslinkhref></styleslinkhref>
		<Scripting Language="VBScript" EntryPoint="" Timeout="5000">
			<Code><![CDATA[function m
cp.response.redirect( "?addonguid=%7BA1BCA00C-2657-42A1-8F98-BED1E5A42025%7D&setPortalGuid=%7Bf732f7f1-03ef-4f58-8e2a-f502bde53606%7D" )
end function]]></Code>
		</Scripting>
	</Addon>
	<Addon name="addonManager-CollectionLibrary" guid="{556e1660-62dc-4706-a07d-ba1bf3449128}" type="Add-on">
		<Copy></Copy>
		<CopyText></CopyText>
		<ActiveXProgramID></ActiveXProgramID>
		<DotNetClass><![CDATA[Contensive.Addons.AddonManager.collectionLibraryClass]]></DotNetClass>
		<ArgumentList></ArgumentList>
		<AsAjax>No</AsAjax>
		<Filter>No</Filter>
		<Help></Help>
		<HelpLink></HelpLink>
		<Icon Link="" width="0" height="0" sprites="0" />
		<InIframe>No</InIframe>
		<BlockEditTools>Yes</BlockEditTools>
		<FormXML></FormXML>
		<IncludeAddon name="addonManager-Includes" guid="{5a7c4d78-b4fb-4cc1-9abc-fa52d0e7714a}"/>
		<IsInline>No</IsInline>
		<JavascriptInHead></JavascriptInHead>
		<javascriptForceHead>No</javascriptForceHead>
		<JSHeadScriptSrc></JSHeadScriptSrc>
		<!-- deprecated --><JSBodyScriptSrc></JSBodyScriptSrc>
		<!-- deprecated --><JavascriptBodyEnd></JavascriptBodyEnd>
		<!-- deprecated --><JavascriptOnLoad></JavascriptOnLoad>
		<Content>No</Content>
		<Template>No</Template>
		<Email>No</Email>
		<Admin>No</Admin>
		<OnPageEndEvent>No</OnPageEndEvent>
		<OnPageStartEvent>No</OnPageStartEvent>
		<OnBodyStart>No</OnBodyStart>
		<OnBodyEnd>No</OnBodyEnd>
		<RemoteMethod>No</RemoteMethod>
		<ProcessRunOnce>No</ProcessRunOnce>
		<ProcessInterval>0</ProcessInterval>
		<MetaDescription></MetaDescription>
		<OtherHeadTags></OtherHeadTags>
		<PageTitle></PageTitle>
		<RemoteAssetLink></RemoteAssetLink>
		<Styles></Styles>
		<styleslinkhref></styleslinkhref>
		<Scripting Language="VBScript" EntryPoint="" Timeout="5000"/>
	</Addon>
	<Addon name="addonManager-Export" guid="{e716ec0e-b83f-43cc-9933-1a0733fb7641}" type="Add-on">
		<Copy></Copy>
		<CopyText></CopyText>
		<ActiveXProgramID></ActiveXProgramID>
		<DotNetClass><![CDATA[Contensive.Addons.AddonManager.exportClass]]></DotNetClass>
		<ArgumentList></ArgumentList>
		<AsAjax>No</AsAjax>
		<Filter>No</Filter>
		<Help></Help>
		<HelpLink></HelpLink>
		<Icon Link="" width="0" height="0" sprites="0" />
		<InIframe>No</InIframe>
		<BlockEditTools>Yes</BlockEditTools>
		<FormXML></FormXML>
		<IsInline>No</IsInline>
		<JavascriptInHead></JavascriptInHead>
		<javascriptForceHead>No</javascriptForceHead>
		<JSHeadScriptSrc></JSHeadScriptSrc>
		<!-- deprecated --><JSBodyScriptSrc></JSBodyScriptSrc>
		<!-- deprecated --><JavascriptBodyEnd></JavascriptBodyEnd>
		<!-- deprecated --><JavascriptOnLoad></JavascriptOnLoad>
		<Content>No</Content>
		<Template>No</Template>
		<Email>No</Email>
		<Admin>No</Admin>
		<OnPageEndEvent>No</OnPageEndEvent>
		<OnPageStartEvent>No</OnPageStartEvent>
		<OnBodyStart>No</OnBodyStart>
		<OnBodyEnd>No</OnBodyEnd>
		<RemoteMethod>No</RemoteMethod>
		<ProcessRunOnce>No</ProcessRunOnce>
		<ProcessInterval>0</ProcessInterval>
		<MetaDescription></MetaDescription>
		<OtherHeadTags></OtherHeadTags>
		<PageTitle></PageTitle>
		<RemoteAssetLink></RemoteAssetLink>
		<Styles><![CDATA[






		.collectionExport{
			padding-top:20px;
		}
		.collectionExport .mainForm {
			width:300px;
			color: #444;
			background-color:#fee;
			padding:10px;
			border:1px solid #444;
			margin-right:auto;
			margin-left:auto;
		}
		.collectionExport .responseForm {
			width:300px;
			color: #444;
			background-color:#fee;
			padding:10px;
			border:1px solid #444;
			margin-right:auto;
			margin-left:auto;
		}
		.collectionExport{
			padding-top:20px;
		}
		.collectionExport .mainForm {
			width:300px;
			color: #444;
			background-color:#fee;
			padding:10px;
			border:1px solid #444;
			margin-right:auto;
			margin-left:auto;
		}
		.collectionExport .responseForm {
			width:300px;
			color: #444;
			background-color:#fee;
			padding:10px;
			border:1px solid #444;
			margin-right:auto;
			margin-left:auto;
		}
		.collectionExport{
			padding-top:20px;
		}
		.collectionExport .mainForm {
			width:300px;
			color: #444;
			background-color:#fee;
			padding:10px;
			border:1px solid #444;
			margin-right:auto;
			margin-left:auto;
		}
		.collectionExport .responseForm {
			width:300px;
			color: #444;
			background-color:#fee;
			padding:10px;
			border:1px solid #444;
			margin-right:auto;
			margin-left:auto;
		}





		.collectionExport{
			padding-top:20px;
		}
		.collectionExport .mainForm {
			width:300px;
			color: #444;
			background-color:#fee;
			padding:10px;
			border:1px solid #444;
			margin-right:auto;
			margin-left:auto;
		}
		.collectionExport .responseForm {
			width:300px;
			color: #444;
			background-color:#fee;
			padding:10px;
			border:1px solid #444;
			margin-right:auto;
			margin-left:auto;
		}
		.collectionExport{
			padding-top:20px;
		}
		.collectionExport .mainForm {
			width:300px;
			color: #444;
			background-color:#fee;
			padding:10px;
			border:1px solid #444;
			margin-right:auto;
			margin-left:auto;
		}
		.collectionExport .responseForm {
			width:300px;
			color: #444;
			background-color:#fee;
			padding:10px;
			border:1px solid #444;
			margin-right:auto;
			margin-left:auto;
		}
		.collectionExport{
			padding-top:20px;
		}
		.collectionExport .mainForm {
			width:300px;
			color: #444;
			background-color:#fee;
			padding:10px;
			border:1px solid #444;
			margin-right:auto;
			margin-left:auto;
		}
		.collectionExport .responseForm {
			width:300px;
			color: #444;
			background-color:#fee;
			padding:10px;
			border:1px solid #444;
			margin-right:auto;
			margin-left:auto;
		}






		.collectionExport{
			padding-top:20px;
		}
		.collectionExport .mainForm {
			width:300px;
			color: #444;
			background-color:#fee;
			padding:10px;
			border:1px solid #444;
			margin-right:auto;
			margin-left:auto;
		}
		.collectionExport .responseForm {
			width:300px;
			color: #444;
			background-color:#fee;
			padding:10px;
			border:1px solid #444;
			margin-right:auto;
			margin-left:auto;
		}
		.collectionExport{
			padding-top:20px;
		}
		.collectionExport .mainForm {
			width:300px;
			color: #444;
			background-color:#fee;
			padding:10px;
			border:1px solid #444;
			margin-right:auto;
			margin-left:auto;
		}
		.collectionExport .responseForm {
			width:300px;
			color: #444;
			background-color:#fee;
			padding:10px;
			border:1px solid #444;
			margin-right:auto;
			margin-left:auto;
		}
		.collectionExport{
			padding-top:20px;
		}
		.collectionExport .mainForm {
			width:300px;
			color: #444;
			background-color:#fee;
			padding:10px;
			border:1px solid #444;
			margin-right:auto;
			margin-left:auto;
		}
		.collectionExport .responseForm {
			width:300px;
			color: #444;
			background-color:#fee;
			padding:10px;
			border:1px solid #444;
			margin-right:auto;
			margin-left:auto;
		}





		.collectionExport{
			padding-top:20px;
		}
		.collectionExport .mainForm {
			width:300px;
			color: #444;
			background-color:#fee;
			padding:10px;
			border:1px solid #444;
			margin-right:auto;
			margin-left:auto;
		}
		.collectionExport .responseForm {
			width:300px;
			color: #444;
			background-color:#fee;
			padding:10px;
			border:1px solid #444;
			margin-right:auto;
			margin-left:auto;
		}
		.collectionExport{
			padding-top:20px;
		}
		.collectionExport .mainForm {
			width:300px;
			color: #444;
			background-color:#fee;
			padding:10px;
			border:1px solid #444;
			margin-right:auto;
			margin-left:auto;
		}
		.collectionExport .responseForm {
			width:300px;
			color: #444;
			background-color:#fee;
			padding:10px;
			border:1px solid #444;
			margin-right:auto;
			margin-left:auto;
		}
		.collectionExport{
			padding-top:20px;
		}
		.collectionExport .mainForm {
			width:300px;
			color: #444;
			background-color:#fee;
			padding:10px;
			border:1px solid #444;
			margin-right:auto;
			margin-left:auto;
		}
		.collectionExport .responseForm {
			width:300px;
			color: #444;
			background-color:#fee;
			padding:10px;
			border:1px solid #444;
			margin-right:auto;
			margin-left:auto;
		}


]]></Styles>
		<styleslinkhref></styleslinkhref>
		<Scripting Language="VBScript" EntryPoint="" Timeout="5000"/>
	</Addon>
	<Addon name="addonManager-iisRecycle" guid="{fb322f1c71114ef9bb9bdf76d20ded67}" type="Add-on">
		<Copy></Copy>
		<CopyText></CopyText>
		<ActiveXProgramID></ActiveXProgramID>
		<DotNetClass><![CDATA[Contensive.Addons.AddonManager.iisRecycleClass]]></DotNetClass>
		<ArgumentList></ArgumentList>
		<AsAjax>No</AsAjax>
		<Filter>No</Filter>
		<Help></Help>
		<HelpLink></HelpLink>
		<Icon Link="" width="0" height="0" sprites="0" />
		<InIframe>No</InIframe>
		<BlockEditTools>Yes</BlockEditTools>
		<FormXML></FormXML>
		<IsInline>No</IsInline>
		<JavascriptInHead></JavascriptInHead>
		<javascriptForceHead>No</javascriptForceHead>
		<JSHeadScriptSrc></JSHeadScriptSrc>
		<!-- deprecated --><JSBodyScriptSrc></JSBodyScriptSrc>
		<!-- deprecated --><JavascriptBodyEnd></JavascriptBodyEnd>
		<!-- deprecated --><JavascriptOnLoad></JavascriptOnLoad>
		<Content>No</Content>
		<Template>No</Template>
		<Email>No</Email>
		<Admin>No</Admin>
		<OnPageEndEvent>No</OnPageEndEvent>
		<OnPageStartEvent>No</OnPageStartEvent>
		<OnBodyStart>No</OnBodyStart>
		<OnBodyEnd>No</OnBodyEnd>
		<RemoteMethod>No</RemoteMethod>
		<ProcessRunOnce>No</ProcessRunOnce>
		<ProcessInterval>0</ProcessInterval>
		<MetaDescription></MetaDescription>
		<OtherHeadTags></OtherHeadTags>
		<PageTitle></PageTitle>
		<RemoteAssetLink></RemoteAssetLink>
		<Styles></Styles>
		<styleslinkhref></styleslinkhref>
		<Scripting Language="VBScript" EntryPoint="" Timeout="5000"/>
	</Addon>
	<Addon name="addonManager-Includes" guid="{5a7c4d78-b4fb-4cc1-9abc-fa52d0e7714a}" type="Add-on">
		<Copy></Copy>
		<CopyText></CopyText>
		<ActiveXProgramID></ActiveXProgramID>
		<DotNetClass></DotNetClass>
		<ArgumentList></ArgumentList>
		<AsAjax>No</AsAjax>
		<Filter>No</Filter>
		<Help></Help>
		<HelpLink></HelpLink>
		<Icon Link="" width="0" height="0" sprites="0" />
		<InIframe>No</InIframe>
		<BlockEditTools>Yes</BlockEditTools>
		<FormXML></FormXML>
		<IsInline>No</IsInline>
		<JavascriptInHead></JavascriptInHead>
		<javascriptForceHead>No</javascriptForceHead>
		<JSHeadScriptSrc></JSHeadScriptSrc>
		<!-- deprecated --><JSBodyScriptSrc></JSBodyScriptSrc>
		<!-- deprecated --><JavascriptBodyEnd></JavascriptBodyEnd>
		<!-- deprecated --><JavascriptOnLoad></JavascriptOnLoad>
		<Content>No</Content>
		<Template>No</Template>
		<Email>No</Email>
		<Admin>No</Admin>
		<OnPageEndEvent>No</OnPageEndEvent>
		<OnPageStartEvent>No</OnPageStartEvent>
		<OnBodyStart>No</OnBodyStart>
		<OnBodyEnd>No</OnBodyEnd>
		<RemoteMethod>No</RemoteMethod>
		<ProcessRunOnce>No</ProcessRunOnce>
		<ProcessInterval>0</ProcessInterval>
		<MetaDescription></MetaDescription>
		<OtherHeadTags></OtherHeadTags>
		<PageTitle></PageTitle>
		<RemoteAssetLink></RemoteAssetLink>
		<Styles><![CDATA[

.amLibraryListCell td.amBody div ,.amLibraryListCell td.amBody div p{
    font-family: "Helvetica","Arial","Verdana","Trebuchet MS","sans-serif";
    font-size:14px;
}

.amLibraryListCell {margin:4px; border: 1px solid #222; padding:10px;background-color:#fafafa;}
.amLibraryListCell table {width:100%;padding:0;margin:0;}
.amLibraryListCell table td {}
.amLibraryListCell td.amImage {width:101px;height:121px;padding:5px;background-color:#444;}
.amLibraryListCell td.amImage img {width:100px;height:120px; border:1px solid #fff;}
.amLibraryListCell td.amBody {height:126px;padding:5px 5px 5px 10px;}
.amLibraryListCell td.amBody .amHeadline {
	font-family: "Trebuchet MS","Verdana","Helvetica","Arial","sans-serif";
	color: #1B75BB;
	font-size:24px;
	font-weight:bold;
}
.amLibraryListCell td.amBody .amCheckbox {font-size:14px;padding:16px 0 0 0}
.amLibraryListCell td.amBody .amDescription {font-size:14px;padding:8px 0 0 0}
.amLibraryListCell td.amBody .amDescription p {margin:6px 0 6px 0;padding:0}
.amLibraryListCell td.amBody .amDescription li {
    font-family: "Helvetica","Arial","Verdana","Trebuchet MS","sans-serif";
    font-size: 12px;
    line-height: 1.2;
}

.amLibraryListCell td.amBody div.amDate {font-size:14px;padding:8px 0 0 0}
.amLibraryListCell td.amBody div.amDemoLink a {
	font-family: "Trebuchet MS","Verdana","Helvetica","Arial","sans-serif";
	color: #1B75BB;
	font-size:18px;
	font-weight:bold;
	padding: 20px 0 0 0;
	}
.amLibraryListCell td.amBody div.amDemoLink a:visited,.amLibraryListCell td.amBody div.amDemoLink a:hover {
	color: #1B75BB;
	}
.amLibraryListCell td.amBody div.amHelpLink {
	font-family: "Trebuchet MS","Verdana","Helvetica","Arial","sans-serif";
	color: #1B75BB;
	font-size:18px;
	font-weight:bold;
	padding: 20px 0 0 0;
}

.amLibraryListCell td.amBody div.amHelpLink a:visited,.amLibraryListCell td.amBody div.amHelpLink a:hover {
	color: #1B75BB;
	}

]]></Styles>
		<styleslinkhref></styleslinkhref>
		<Scripting Language="VBScript" EntryPoint="" Timeout="5000"/>
	</Addon>
	<Addon name="addonManager-Uninstall" guid="{38798d20-00d3-4131-9ebf-359fd0118e3e}" type="Add-on">
		<Copy></Copy>
		<CopyText></CopyText>
		<ActiveXProgramID></ActiveXProgramID>
		<DotNetClass><![CDATA[Contensive.Addons.AddonManager.uninstallClass]]></DotNetClass>
		<ArgumentList></ArgumentList>
		<AsAjax>No</AsAjax>
		<Filter>No</Filter>
		<Help></Help>
		<HelpLink></HelpLink>
		<Icon Link="" width="0" height="0" sprites="0" />
		<InIframe>No</InIframe>
		<BlockEditTools>Yes</BlockEditTools>
		<FormXML></FormXML>
		<IncludeAddon name="addonManager-Includes" guid="{5a7c4d78-b4fb-4cc1-9abc-fa52d0e7714a}"/>
		<IsInline>No</IsInline>
		<JavascriptInHead></JavascriptInHead>
		<javascriptForceHead>No</javascriptForceHead>
		<JSHeadScriptSrc></JSHeadScriptSrc>
		<!-- deprecated --><JSBodyScriptSrc></JSBodyScriptSrc>
		<!-- deprecated --><JavascriptBodyEnd></JavascriptBodyEnd>
		<!-- deprecated --><JavascriptOnLoad></JavascriptOnLoad>
		<Content>No</Content>
		<Template>No</Template>
		<Email>No</Email>
		<Admin>No</Admin>
		<OnPageEndEvent>No</OnPageEndEvent>
		<OnPageStartEvent>No</OnPageStartEvent>
		<OnBodyStart>No</OnBodyStart>
		<OnBodyEnd>No</OnBodyEnd>
		<RemoteMethod>No</RemoteMethod>
		<ProcessRunOnce>No</ProcessRunOnce>
		<ProcessInterval>0</ProcessInterval>
		<MetaDescription></MetaDescription>
		<OtherHeadTags></OtherHeadTags>
		<PageTitle></PageTitle>
		<RemoteAssetLink></RemoteAssetLink>
		<Styles></Styles>
		<styleslinkhref></styleslinkhref>
		<Scripting Language="VBScript" EntryPoint="" Timeout="5000"/>
	</Addon>
	<Addon name="addonManager-Upload" guid="{e66d6890-4e1a-499b-9a37-83b767bce19c}" type="Add-on">
		<Copy></Copy>
		<CopyText></CopyText>
		<ActiveXProgramID></ActiveXProgramID>
		<DotNetClass><![CDATA[Contensive.Addons.AddonManager.uploadClass]]></DotNetClass>
		<ArgumentList></ArgumentList>
		<AsAjax>No</AsAjax>
		<Filter>No</Filter>
		<Help></Help>
		<HelpLink></HelpLink>
		<Icon Link="" width="0" height="0" sprites="0" />
		<InIframe>No</InIframe>
		<BlockEditTools>Yes</BlockEditTools>
		<FormXML></FormXML>
		<IncludeAddon name="addonManager-Includes" guid="{5a7c4d78-b4fb-4cc1-9abc-fa52d0e7714a}"/>
		<IsInline>No</IsInline>
		<JavascriptInHead></JavascriptInHead>
		<javascriptForceHead>No</javascriptForceHead>
		<JSHeadScriptSrc></JSHeadScriptSrc>
		<!-- deprecated --><JSBodyScriptSrc></JSBodyScriptSrc>
		<!-- deprecated --><JavascriptBodyEnd></JavascriptBodyEnd>
		<!-- deprecated --><JavascriptOnLoad></JavascriptOnLoad>
		<Content>No</Content>
		<Template>No</Template>
		<Email>No</Email>
		<Admin>No</Admin>
		<OnPageEndEvent>No</OnPageEndEvent>
		<OnPageStartEvent>No</OnPageStartEvent>
		<OnBodyStart>No</OnBodyStart>
		<OnBodyEnd>No</OnBodyEnd>
		<RemoteMethod>No</RemoteMethod>
		<ProcessRunOnce>No</ProcessRunOnce>
		<ProcessInterval>0</ProcessInterval>
		<MetaDescription></MetaDescription>
		<OtherHeadTags></OtherHeadTags>
		<PageTitle></PageTitle>
		<RemoteAssetLink></RemoteAssetLink>
		<Styles></Styles>
		<styleslinkhref></styleslinkhref>
		<Scripting Language="VBScript" EntryPoint="" Timeout="5000"/>
	</Addon>
	<data>
		<record content="portals" guid="{f732f7f1-03ef-4f58-8e2a-f502bde53606}" name="Add-on Manager">
			<field name="active">True</field>
			<field name="defaultconfigjson"></field>
			<field name="defaultfeatureid">{baaa59b1-986f-4bf2-83bc-085518c1708c}</field>
			<field name="sortorder"></field>
		</record>
		<record content="portal features" guid="{3e8fc5ca-33d7-4f40-9185-5d2f13657926}" name="AddonManager-Export">
			<field name="active">True</field>
			<field name="addonid">{e716ec0e-b83f-43cc-9933-1a0733fb7641}</field>
			<field name="addpadding">False</field>
			<field name="datacontentid"></field>
			<field name="heading"><![CDATA[Export]]></field>
			<field name="parentfeatureid"></field>
			<field name="portalid">{f732f7f1-03ef-4f58-8e2a-f502bde53606}</field>
			<field name="sortorder"></field>
		</record>
		<record content="portal features" guid="{96b51732-5c24-4a33-8292-b58567b00d42}" name="AddonManager-Data">
			<field name="active">True</field>
			<field name="addonid"></field>
			<field name="addpadding">False</field>
			<field name="datacontentid"></field>
			<field name="heading"><![CDATA[Data]]></field>
			<field name="parentfeatureid"></field>
			<field name="portalid">{f732f7f1-03ef-4f58-8e2a-f502bde53606}</field>
			<field name="sortorder"></field>
		</record>
		<record content="portal features" guid="{baaa59b1-986f-4bf2-83bc-085518c1708c}" name="AddonManager-CollectionLibrary">
			<field name="active">True</field>
			<field name="addonid">{556e1660-62dc-4706-a07d-ba1bf3449128}</field>
			<field name="addpadding">False</field>
			<field name="datacontentid"></field>
			<field name="heading"><![CDATA[Collection Library]]></field>
			<field name="parentfeatureid"></field>
			<field name="portalid">{f732f7f1-03ef-4f58-8e2a-f502bde53606}</field>
			<field name="sortorder"></field>
		</record>
		<record content="portal features" guid="{bfc41fa2-c17a-4712-8966-3d42e735c710}" name="AddonManager-Upload">
			<field name="active">True</field>
			<field name="addonid">{e66d6890-4e1a-499b-9a37-83b767bce19c}</field>
			<field name="addpadding">False</field>
			<field name="datacontentid"></field>
			<field name="heading"><![CDATA[Upload]]></field>
			<field name="parentfeatureid"></field>
			<field name="portalid">{f732f7f1-03ef-4f58-8e2a-f502bde53606}</field>
			<field name="sortorder"></field>
		</record>
		<record content="portal features" guid="{ed348836-b522-4e08-b4ff-9197d48a07eb}" name="AddonManager-Uninstall">
			<field name="active">True</field>
			<field name="addonid">{38798d20-00d3-4131-9ebf-359fd0118e3e}</field>
			<field name="addpadding">False</field>
			<field name="datacontentid"></field>
			<field name="heading"><![CDATA[Uninstall]]></field>
			<field name="parentfeatureid"></field>
			<field name="portalid">{f732f7f1-03ef-4f58-8e2a-f502bde53606}</field>
			<field name="sortorder"></field>
		</record>
		<record content="portal features" guid="{419A4CAB-03A7-49E7-A398-77C7A533C53D}" name="Add-on Manager, Data,Add-ons">
			<field name="active">True</field>
			<field name="addonid"></field>
			<field name="addpadding">False</field>
			<field name="datacontentid">{BEA0C5A8-81A9-405F-9C04-9AA21F899A5D}</field>
			<field name="heading"><![CDATA[Add-ons]]></field>
			<field name="parentfeatureid">{96b51732-5c24-4a33-8292-b58567b00d42}</field>
			<field name="portalid">{f732f7f1-03ef-4f58-8e2a-f502bde53606}</field>
			<field name="sortorder"><![CDATA[Add-ons]]></field>
		</record>
		<record content="portal features" guid="{A0FDB5B0-E83A-44E8-A984-551DBAD1D4AF}" name="Add-on Manager, Data,Add-on Collections">
			<field name="active">True</field>
			<field name="addonid"></field>
			<field name="addpadding">False</field>
			<field name="datacontentid">{726ED098-5A9E-49A9-8840-767A74F41D01}</field>
			<field name="heading"><![CDATA[Add-on Collections]]></field>
			<field name="parentfeatureid">{96b51732-5c24-4a33-8292-b58567b00d42}</field>
			<field name="portalid">{f732f7f1-03ef-4f58-8e2a-f502bde53606}</field>
			<field name="sortorder"><![CDATA[Add-on Collections]]></field>
		</record>
		<record content="Navigator Entries" guid="{DDF28878-71E5-40F4-B97D-3A1C68FEC691}" name="Add-on Manager">
			<field name="active">True</field>
			<field name="addonid">{3d643ebd-c482-49ac-99ca-03aabb28ee83}</field>
			<field name="adminonly">False</field>
			<field name="contentid"></field>
			<field name="developeronly">False</field>
			<field name="helpaddonid"></field>
			<field name="helpcollectionid"></field>
			<field name="installedbycollectionid"></field>
			<field name="linkpage"></field>
			<field name="navicontitle"></field>
			<field name="navicontype">3</field>
			<field name="newwindow">False</field>
			<field name="parentid">{DBA354AB-5D3E-4882-8718-CF23CAAB7927}</field>
			<field name="sortorder"></field>
		</record>
		<record content="Navigator Entries" guid="{484A20C2-A6DF-491D-8FDF-45B6CBEE1720}" name="Add-on Manager">
			<field name="active">True</field>
			<field name="addonid">{3d643ebd-c482-49ac-99ca-03aabb28ee83}</field>
			<field name="adminonly">False</field>
			<field name="contentid"></field>
			<field name="developeronly">False</field>
			<field name="helpaddonid"></field>
			<field name="helpcollectionid"></field>
			<field name="installedbycollectionid"></field>
			<field name="linkpage"></field>
			<field name="navicontitle"></field>
			<field name="navicontype">3</field>
			<field name="newwindow">False</field>
			<field name="parentid">{801F1F07-20E6-4A5D-AF26-71007CCB834F}</field>
			<field name="sortorder"></field>
		</record>
</data>
	<ImportCollection name="Portal Framework">{87249F75-A065-4F2F-8DCD-FBBF2CA0DCCD}</ImportCollection>
	<Resource name="librarynoimage.jpg" type="www" path="addonmanager" />
	<Resource name="addonManager5.dll" type="executable" path="" />
	<Resource name="adminFramework.dll" type="executable" path="" />
	<Resource name="ICSharpCode.SharpZipLib.dll" type="executable" path="" />
</Collection>